{
    "aapl": 210.00999450683594,
    "appl": 210.02000427246094
}